frequency,raw,error,smoothed,error_smoothed,equalization,parametric_eq,fixed_band_eq,equalized_raw,equalized_smoothed,target
20.00,1.91,-8.37,1.91,-8.38,6.00,5.96,2.29,7.91,7.91,10.28
20.20,1.98,-8.30,1.98,-8.31,6.00,6.09,2.36,7.98,7.98,10.29
20.40,2.06,-8.23,2.06,-8.23,6.00,6.22,2.42,8.06,8.06,10.29
20.61,2.13,-8.15,2.13,-8.15,6.00,6.22,2.50,8.13,8.13,10.28
20.81,2.21,-8.06,2.21,-8.06,6.00,6.22,2.57,8.21,8.21,10.27
21.02,2.28,-7.96,2.28,-7.96,6.00,6.15,2.65,8.28,8.28,10.25
21.23,2.36,-7.87,2.36,-7.87,6.00,6.07,2.72,8.36,8.36,10.22
21.44,2.43,-7.77,2.43,-7.77,6.00,6.00,2.81,8.43,8.43,10.19
21.66,2.50,-7.67,2.50,-7.67,6.00,5.93,2.89,8.50,8.50,10.16
21.87,2.57,-7.57,2.57,-7.57,6.00,5.89,2.97,8.57,8.57,10.14
22.09,2.64,-7.47,2.64,-7.47,6.00,5.85,3.06,8.64,8.64,10.11
22.31,2.71,-7.38,2.71,-7.38,6.00,5.84,3.15,8.71,8.71,10.09
22.54,2.77,-7.30,2.77,-7.30,6.00,5.83,3.24,8.77,8.77,10.07
22.76,2.84,-7.22,2.84,-7.22,6.00,5.85,3.34,8.84,8.84,10.06
22.99,2.91,-7.15,2.91,-7.15,6.00,5.87,3.43,8.91,8.91,10.05
23.22,2.97,-7.07,2.97,-7.07,6.00,5.90,3.53,8.97,8.97,10.04
23.45,3.04,-7.00,3.04,-7.00,6.00,5.93,3.63,9.04,9.04,10.04
23.69,3.10,-6.92,3.10,-6.92,6.00,5.96,3.74,9.10,9.10,10.02
23.92,3.16,-6.84,3.16,-6.84,6.00,6.00,3.84,9.16,9.16,10.00
24.16,3.23,-6.75,3.23,-6.75,6.00,6.02,3.95,9.23,9.23,9.98
24.40,3.29,-6.66,3.29,-6.66,6.00,6.05,4.06,9.29,9.29,9.95
24.65,3.35,-6.57,3.35,-6.57,6.01,6.06,4.17,9.36,9.36,9.93
24.89,3.42,-6.48,3.42,-6.48,6.01,6.07,4.28,9.43,9.43,9.90
25.14,3.48,-6.39,3.48,-6.39,6.02,6.07,4.39,9.50,9.50,9.87
25.39,3.54,-6.29,3.54,-6.29,6.01,6.06,4.51,9.56,9.56,9.84
25.65,3.61,-6.20,3.61,-6.20,6.00,6.04,4.62,9.61,9.61,9.81
25.91,3.67,-6.11,3.67,-6.11,5.98,6.01,4.73,9.65,9.65,9.78
26.16,3.73,-6.02,3.74,-6.02,5.94,5.96,4.85,9.68,9.68,9.75
26.43,3.80,-5.93,3.80,-5.93,5.90,5.92,4.96,9.70,9.70,9.73
26.69,3.86,-5.84,3.86,-5.84,5.84,5.86,5.07,9.70,9.70,9.70
26.96,3.93,-5.75,3.93,-5.75,5.77,5.79,5.18,9.70,9.70,9.68
27.23,3.99,-5.67,3.99,-5.67,5.70,5.72,5.28,9.69,9.69,9.67
27.50,4.06,-5.60,4.06,-5.60,5.62,5.64,5.38,9.68,9.68,9.66
27.77,4.13,-5.53,4.13,-5.53,5.53,5.56,5.48,9.66,9.66,9.65
28.05,4.19,-5.45,4.19,-5.45,5.45,5.47,5.57,9.64,9.64,9.65
28.33,4.26,-5.38,4.26,-5.38,5.37,5.38,5.66,9.63,9.63,9.64
28.62,4.32,-5.30,4.32,-5.30,5.30,5.29,5.74,9.62,9.62,9.63
28.90,4.39,-5.22,4.39,-5.22,5.22,5.20,5.81,9.61,9.61,9.61
29.19,4.45,-5.14,4.45,-5.14,5.14,5.10,5.88,9.59,9.59,9.59
29.48,4.52,-5.05,4.52,-5.05,5.05,5.01,5.93,9.57,9.57,9.57
29.78,4.58,-4.96,4.59,-4.96,4.97,4.91,5.98,9.55,9.55,9.55
30.08,4.65,-4.88,4.65,-4.88,4.88,4.82,6.01,9.53,9.53,9.53
30.38,4.71,-4.79,4.71,-4.79,4.79,4.73,6.04,9.50,9.50,9.50
30.68,4.78,-4.70,4.78,-4.70,4.70,4.64,6.05,9.48,9.48,9.48
30.99,4.84,-4.61,4.84,-4.61,4.61,4.54,6.05,9.45,9.45,9.45
31.30,4.90,-4.52,4.90,-4.52,4.52,4.45,6.04,9.42,9.42,9.42
31.61,4.97,-4.43,4.97,-4.43,4.43,4.36,6.02,9.39,9.39,9.39
31.93,5.03,-4.33,5.03,-4.33,4.34,4.28,5.98,9.36,9.36,9.36
32.24,5.09,-4.24,5.09,-4.24,4.24,4.19,5.94,9.33,9.33,9.33
32.57,5.15,-4.15,5.15,-4.15,4.15,4.10,5.88,9.30,9.30,9.30
32.89,5.21,-4.06,5.21,-4.06,4.06,4.02,5.81,9.27,9.27,9.27
33.22,5.27,-3.97,5.27,-3.97,3.97,3.93,5.73,9.24,9.24,9.24
33.55,5.33,-3.87,5.33,-3.87,3.87,3.84,5.65,9.20,9.20,9.20
33.89,5.39,-3.78,5.39,-3.78,3.78,3.76,5.55,9.16,9.16,9.17
34.23,5.44,-3.68,5.44,-3.68,3.68,3.67,5.45,9.13,9.13,9.13
34.57,5.50,-3.59,5.50,-3.59,3.59,3.59,5.33,9.09,9.09,9.09
34.92,5.56,-3.49,5.56,-3.49,3.49,3.50,5.21,9.05,9.05,9.05
35.27,5.61,-3.40,5.61,-3.40,3.40,3.41,5.09,9.01,9.01,9.01
35.62,5.67,-3.31,5.67,-3.31,3.31,3.33,4.96,8.97,8.97,8.97
35.97,5.72,-3.21,5.72,-3.21,3.21,3.24,4.82,8.94,8.94,8.94
36.33,5.78,-3.12,5.78,-3.12,3.12,3.15,4.68,8.90,8.90,8.90
36.70,5.83,-3.02,5.83,-3.02,3.02,3.06,4.54,8.86,8.86,8.86
37.06,5.89,-2.93,5.89,-2.93,2.93,2.97,4.40,8.81,8.81,8.82
37.43,5.94,-2.83,5.94,-2.83,2.83,2.88,4.25,8.77,8.77,8.77
37.81,5.99,-2.74,5.99,-2.74,2.74,2.79,4.10,8.73,8.73,8.73
38.19,6.05,-2.64,6.05,-2.64,2.65,2.70,3.95,8.69,8.69,8.69
38.57,6.10,-2.55,6.10,-2.55,2.55,2.61,3.80,8.65,8.65,8.65
38.95,6.15,-2.46,6.15,-2.46,2.47,2.52,3.65,8.62,8.62,8.61
39.34,6.20,-2.38,6.20,-2.38,2.38,2.43,3.51,8.58,8.58,8.58
39.74,6.25,-2.29,6.25,-2.29,2.30,2.33,3.36,8.54,8.55,8.54
40.14,6.30,-2.21,6.30,-2.21,2.21,2.24,3.21,8.51,8.51,8.51
40.54,6.35,-2.13,6.35,-2.13,2.13,2.15,3.06,8.48,8.48,8.48
40.94,6.40,-2.05,6.40,-2.05,2.05,2.06,2.91,8.45,8.45,8.45
41.35,6.44,-1.97,6.44,-1.97,1.97,1.97,2.77,8.42,8.42,8.42
41.76,6.49,-1.89,6.49,-1.89,1.89,1.87,2.62,8.38,8.38,8.39
42.18,6.54,-1.81,6.54,-1.81,1.81,1.78,2.48,8.34,8.35,8.35
42.60,6.58,-1.73,6.58,-1.73,1.72,1.69,2.34,8.31,8.31,8.31
43.03,6.63,-1.64,6.63,-1.64,1.64,1.60,2.20,8.27,8.27,8.27
43.46,6.67,-1.55,6.67,-1.55,1.55,1.51,2.06,8.22,8.22,8.22
43.90,6.72,-1.46,6.72,-1.46,1.46,1.42,1.92,8.18,8.18,8.18
44.33,6.76,-1.37,6.76,-1.37,1.37,1.33,1.79,8.13,8.13,8.13
44.78,6.80,-1.28,6.80,-1.28,1.29,1.25,1.65,8.09,8.09,8.08
45.23,6.84,-1.19,6.84,-1.19,1.20,1.16,1.52,8.04,8.04,8.04
45.68,6.88,-1.11,6.88,-1.11,1.12,1.07,1.39,8.00,8.00,7.99
46.13,6.92,-1.03,6.92,-1.03,1.03,0.99,1.25,7.96,7.96,7.95
46.60,6.96,-0.95,6.96,-0.95,0.95,0.91,1.13,7.91,7.91,7.91
47.06,7.00,-0.88,7.00,-0.88,0.87,0.82,1.00,7.87,7.87,7.87
47.53,7.03,-0.80,7.03,-0.79,0.79,0.74,0.87,7.82,7.82,7.83
48.01,7.07,-0.71,7.07,-0.71,0.71,0.66,0.75,7.78,7.78,7.78
48.49,7.10,-0.63,7.10,-0.63,0.63,0.58,0.62,7.73,7.73,7.73
48.97,7.14,-0.54,7.14,-0.54,0.54,0.50,0.50,7.68,7.68,7.68
49.46,7.17,-0.46,7.17,-0.46,0.46,0.42,0.38,7.63,7.63,7.63
49.96,7.20,-0.38,7.20,-0.38,0.38,0.35,0.26,7.58,7.58,7.58
50.46,7.23,-0.30,7.23,-0.30,0.30,0.27,0.14,7.53,7.53,7.53
50.96,7.26,-0.22,7.26,-0.22,0.22,0.19,0.02,7.48,7.48,7.48
51.47,7.29,-0.14,7.29,-0.14,0.14,0.12,-0.09,7.43,7.43,7.43
51.99,7.33,-0.06,7.33,-0.06,0.06,0.05,-0.21,7.39,7.39,7.39
52.51,7.36,0.02,7.36,0.02,-0.01,-0.03,-0.32,7.34,7.34,7.34
53.03,7.39,0.09,7.39,0.09,-0.09,-0.10,-0.43,7.30,7.30,7.29
53.56,7.42,0.16,7.42,0.16,-0.16,-0.17,-0.53,7.25,7.25,7.25
54.10,7.45,0.24,7.45,0.24,-0.24,-0.24,-0.64,7.20,7.20,7.21
54.64,7.48,0.31,7.48,0.31,-0.32,-0.31,-0.74,7.16,7.16,7.16
55.18,7.51,0.39,7.51,0.39,-0.40,-0.38,-0.84,7.11,7.11,7.11
55.74,7.54,0.47,7.54,0.48,-0.48,-0.45,-0.94,7.06,7.06,7.06
56.29,7.57,0.56,7.57,0.56,-0.56,-0.52,-1.04,7.01,7.01,7.01
56.86,7.60,0.64,7.60,0.64,-0.64,-0.58,-1.13,6.96,6.96,6.96
57.42,7.63,0.73,7.63,0.72,-0.72,-0.65,-1.22,6.91,6.91,6.91
58.00,7.67,0.80,7.67,0.80,-0.80,-0.72,-1.30,6.86,6.86,6.87
58.58,7.70,0.87,7.70,0.88,-0.88,-0.78,-1.39,6.82,6.82,6.82
59.16,7.73,0.95,7.73,0.96,-0.96,-0.85,-1.46,6.77,6.77,6.78
59.76,7.76,1.04,7.76,1.03,-1.03,-0.91,-1.54,6.73,6.73,6.73
60.35,7.79,1.11,7.79,1.11,-1.10,-0.98,-1.61,6.69,6.69,6.68
60.96,7.82,1.18,7.82,1.17,-1.16,-1.04,-1.68,6.66,6.66,6.65
61.57,7.85,1.23,7.85,1.23,-1.22,-1.10,-1.74,6.63,6.63,6.63
62.18,7.88,1.28,7.88,1.28,-1.28,-1.17,-1.80,6.61,6.61,6.60
62.80,7.91,1.33,7.91,1.33,-1.33,-1.23,-1.86,6.59,6.59,6.58
63.43,7.94,1.37,7.94,1.37,-1.37,-1.29,-1.91,6.57,6.57,6.56
64.07,7.97,1.42,7.97,1.42,-1.42,-1.36,-1.96,6.55,6.55,6.55
64.71,7.99,1.46,7.99,1.46,-1.46,-1.42,-2.00,6.53,6.53,6.53
65.35,8.02,1.51,8.02,1.51,-1.51,-1.48,-2.04,6.50,6.50,6.51
66.01,8.04,1.56,8.04,1.56,-1.57,-1.54,-2.08,6.47,6.47,6.48
66.67,8.06,1.62,8.06,1.62,-1.63,-1.60,-2.11,6.43,6.43,6.44
67.33,8.08,1.68,8.08,1.68,-1.69,-1.66,-2.15,6.39,6.39,6.40
68.01,8.10,1.76,8.10,1.76,-1.76,-1.72,-2.18,6.35,6.35,6.35
68.69,8.12,1.83,8.12,1.83,-1.82,-1.78,-2.20,6.30,6.30,6.29
69.37,8.14,1.90,8.14,1.90,-1.89,-1.85,-2.23,6.25,6.25,6.24
70.07,8.16,1.96,8.16,1.96,-1.95,-1.91,-2.25,6.21,6.21,6.20
70.77,8.18,2.02,8.18,2.02,-2.01,-1.97,-2.27,6.16,6.16,6.16
71.48,8.19,2.07,8.19,2.07,-2.07,-2.03,-2.29,6.12,6.12,6.12
72.19,8.21,2.13,8.21,2.13,-2.13,-2.08,-2.31,6.08,6.08,6.08
72.91,8.22,2.18,8.22,2.18,-2.18,-2.14,-2.33,6.04,6.04,6.04
73.64,8.23,2.23,8.23,2.23,-2.23,-2.20,-2.35,6.00,6.00,6.00
74.38,8.24,2.29,8.24,2.29,-2.29,-2.26,-2.37,5.95,5.95,5.96
75.12,8.25,2.34,8.25,2.34,-2.34,-2.32,-2.38,5.91,5.91,5.91
75.87,8.26,2.40,8.26,2.40,-2.40,-2.38,-2.40,5.86,5.86,5.86
76.63,8.27,2.45,8.27,2.45,-2.46,-2.44,-2.42,5.82,5.82,5.82
77.40,8.28,2.51,8.28,2.51,-2.51,-2.50,-2.44,5.76,5.76,5.77
78.17,8.29,2.57,8.29,2.57,-2.57,-2.55,-2.46,5.71,5.71,5.72
78.95,8.29,2.63,8.29,2.63,-2.63,-2.61,-2.48,5.66,5.66,5.66
79.74,8.30,2.70,8.30,2.69,-2.69,-2.67,-2.51,5.60,5.60,5.60
80.54,8.30,2.76,8.30,2.76,-2.75,-2.73,-2.53,5.55,5.55,5.54
81.35,8.31,2.82,8.30,2.81,-2.81,-2.78,-2.56,5.50,5.50,5.49
82.16,8.31,2.87,8.31,2.87,-2.86,-2.84,-2.59,5.44,5.44,5.44
82.98,8.31,2.92,8.31,2.92,-2.92,-2.89,-2.62,5.39,5.39,5.39
83.81,8.31,2.97,8.31,2.97,-2.97,-2.95,-2.65,5.34,5.34,5.34
84.65,8.31,3.02,8.31,3.02,-3.03,-3.01,-2.68,5.29,5.29,5.30
85.50,8.31,3.06,8.31,3.07,-3.08,-3.06,-2.72,5.24,5.24,5.25
86.35,8.31,3.12,8.31,3.12,-3.12,-3.11,-2.76,5.19,5.19,5.20
87.22,8.31,3.17,8.31,3.17,-3.16,-3.17,-2.80,5.15,5.15,5.14
88.09,8.31,3.23,8.31,3.22,-3.20,-3.22,-2.84,5.12,5.12,5.09
88.97,8.31,3.27,8.31,3.26,-3.24,-3.27,-2.89,5.08,5.08,5.05
89.86,8.31,3.29,8.31,3.28,-3.28,-3.32,-2.93,5.03,5.03,5.03
90.76,8.31,3.29,8.31,3.30,-3.33,-3.38,-2.98,4.99,4.99,5.02
91.66,8.31,3.33,8.31,3.34,-3.37,-3.43,-3.03,4.94,4.94,4.98
92.58,8.31,3.39,8.31,3.40,-3.42,-3.48,-3.09,4.89,4.89,4.92
93.51,8.31,3.48,8.31,3.47,-3.47,-3.52,-3.14,4.84,4.84,4.83
94.44,8.31,3.55,8.31,3.54,-3.52,-3.57,-3.20,4.79,4.79,4.76
95.39,8.31,3.60,8.31,3.60,-3.57,-3.62,-3.26,4.73,4.73,4.70
96.34,8.30,3.64,8.30,3.64,-3.63,-3.67,-3.33,4.68,4.68,4.66
97.30,8.30,3.68,8.30,3.68,-3.68,-3.71,-3.39,4.63,4.63,4.62
98.28,8.30,3.71,8.30,3.71,-3.72,-3.76,-3.46,4.58,4.58,4.59
99.26,8.30,3.75,8.30,3.75,-3.76,-3.80,-3.52,4.53,4.53,4.55
100.25,8.29,3.79,8.29,3.79,-3.80,-3.84,-3.59,4.49,4.49,4.50
101.25,8.29,3.84,8.29,3.84,-3.84,-3.88,-3.66,4.44,4.44,4.45
102.27,8.28,3.88,8.28,3.88,-3.88,-3.92,-3.73,4.40,4.40,4.40
103.29,8.27,3.93,8.27,3.93,-3.93,-3.96,-3.80,4.35,4.35,4.34
104.32,8.27,3.97,8.27,3.97,-3.97,-4.00,-3.88,4.30,4.30,4.29
105.37,8.26,4.01,8.26,4.01,-4.01,-4.04,-3.95,4.25,4.25,4.24
106.42,8.25,4.05,8.25,4.05,-4.05,-4.07,-4.02,4.20,4.20,4.20
107.48,8.24,4.09,8.24,4.09,-4.09,-4.10,-4.09,4.15,4.15,4.15
108.56,8.23,4.12,8.23,4.12,-4.12,-4.14,-4.16,4.11,4.11,4.11
109.64,8.22,4.15,8.22,4.15,-4.15,-4.17,-4.23,4.06,4.06,4.06
110.74,8.20,4.18,8.20,4.18,-4.18,-4.20,-4.30,4.02,4.02,4.02
111.85,8.19,4.21,8.19,4.21,-4.22,-4.23,-4.36,3.97,3.97,3.98
112.97,8.17,4.24,8.17,4.24,-4.25,-4.25,-4.43,3.93,3.93,3.93
114.10,8.16,4.27,8.16,4.27,-4.28,-4.28,-4.49,3.88,3.88,3.88
115.24,8.14,4.30,8.14,4.30,-4.31,-4.30,-4.54,3.84,3.84,3.84
116.39,8.13,4.33,8.13,4.33,-4.33,-4.33,-4.60,3.79,3.79,3.79
117.55,8.11,4.37,8.11,4.36,-4.36,-4.35,-4.64,3.74,3.74,3.74
118.73,8.09,4.39,8.09,4.39,-4.39,-4.37,-4.69,3.69,3.69,3.69
119.92,8.07,4.42,8.07,4.42,-4.42,-4.39,-4.72,3.65,3.65,3.65
121.12,8.05,4.45,8.05,4.45,-4.45,-4.41,-4.76,3.60,3.60,3.60
122.33,8.03,4.48,8.03,4.48,-4.48,-4.42,-4.79,3.55,3.55,3.55
123.55,8.01,4.50,8.01,4.51,-4.50,-4.44,-4.81,3.50,3.50,3.50
124.79,7.98,4.53,7.98,4.53,-4.52,-4.45,-4.83,3.46,3.46,3.45
126.03,7.96,4.55,7.96,4.55,-4.54,-4.46,-4.84,3.42,3.42,3.41
127.29,7.94,4.56,7.94,4.56,-4.56,-4.47,-4.84,3.38,3.38,3.37
128.57,7.91,4.57,7.91,4.57,-4.57,-4.48,-4.84,3.34,3.34,3.34
129.85,7.89,4.58,7.89,4.58,-4.58,-4.49,-4.84,3.30,3.30,3.31
131.15,7.86,4.58,7.86,4.58,-4.60,-4.50,-4.83,3.26,3.26,3.28
132.46,7.84,4.59,7.84,4.59,-4.61,-4.51,-4.81,3.22,3.22,3.24
133.79,7.81,4.61,7.81,4.61,-4.63,-4.51,-4.79,3.18,3.18,3.20
135.12,7.78,4.63,7.78,4.64,-4.64,-4.51,-4.77,3.15,3.15,3.15
136.48,7.75,4.66,7.75,4.66,-4.64,-4.52,-4.74,3.11,3.11,3.09
137.84,7.72,4.67,7.72,4.67,-4.64,-4.52,-4.71,3.09,3.09,3.05
139.22,7.69,4.66,7.69,4.65,-4.63,-4.52,-4.67,3.07,3.07,3.04
140.61,7.66,4.62,7.66,4.62,-4.61,-4.52,-4.63,3.05,3.05,3.04
142.02,7.63,4.58,7.63,4.58,-4.59,-4.52,-4.60,3.04,3.04,3.05
143.44,7.60,4.55,7.60,4.55,-4.57,-4.52,-4.55,3.03,3.03,3.05
144.87,7.57,4.53,7.57,4.53,-4.55,-4.52,-4.51,3.02,3.02,3.04
146.32,7.54,4.52,7.54,4.52,-4.53,-4.51,-4.47,3.00,3.01,3.02
147.78,7.50,4.51,7.50,4.51,-4.52,-4.51,-4.43,2.98,2.98,2.99
149.26,7.47,4.51,7.47,4.51,-4.51,-4.51,-4.38,2.96,2.96,2.96
150.75,7.43,4.51,7.43,4.51,-4.51,-4.50,-4.34,2.92,2.93,2.92
152.26,7.40,4.51,7.40,4.51,-4.51,-4.49,-4.30,2.89,2.89,2.89
153.78,7.36,4.51,7.36,4.51,-4.50,-4.49,-4.26,2.86,2.86,2.85
155.32,7.32,4.50,7.32,4.50,-4.50,-4.48,-4.22,2.82,2.82,2.82
156.88,7.28,4.49,7.28,4.49,-4.49,-4.48,-4.18,2.80,2.80,2.79
158.44,7.25,4.48,7.25,4.48,-4.47,-4.47,-4.15,2.77,2.77,2.77
160.03,7.21,4.46,7.21,4.46,-4.46,-4.46,-4.11,2.75,2.75,2.74
161.63,7.17,4.44,7.17,4.44,-4.43,-4.45,-4.08,2.74,2.74,2.73
163.24,7.13,4.41,7.13,4.41,-4.40,-4.45,-4.05,2.72,2.72,2.72
164.88,7.08,4.38,7.08,4.38,-4.38,-4.44,-4.03,2.71,2.71,2.70
166.53,7.04,4.35,7.04,4.35,-4.35,-4.43,-4.00,2.69,2.69,2.69
168.19,7.00,4.32,7.00,4.32,-4.33,-4.42,-3.98,2.67,2.67,2.68
169.87,6.95,4.30,6.95,4.30,-4.31,-4.41,-3.96,2.64,2.64,2.66
171.57,6.91,4.28,6.91,4.29,-4.30,-4.40,-3.95,2.61,2.61,2.63
173.29,6.86,4.29,6.86,4.29,-4.30,-4.39,-3.93,2.56,2.56,2.58
175.02,6.82,4.30,6.82,4.30,-4.31,-4.39,-3.93,2.50,2.50,2.52
176.77,6.77,4.32,6.77,4.32,-4.33,-4.38,-3.92,2.44,2.44,2.44
178.54,6.72,4.35,6.72,4.35,-4.34,-4.37,-3.92,2.38,2.38,2.37
180.32,6.67,4.37,6.67,4.37,-4.36,-4.36,-3.91,2.31,2.31,2.30
182.13,6.62,4.39,6.62,4.38,-4.37,-4.35,-3.92,2.25,2.25,2.23
183.95,6.56,4.39,6.56,4.39,-4.38,-4.34,-3.92,2.19,2.19,2.18
185.79,6.51,4.38,6.51,4.38,-4.38,-4.33,-3.93,2.13,2.13,2.13
187.65,6.45,4.37,6.45,4.37,-4.37,-4.33,-3.94,2.08,2.08,2.08
189.52,6.40,4.36,6.40,4.36,-4.36,-4.32,-3.96,2.03,2.03,2.04
191.42,6.34,4.34,6.34,4.34,-4.35,-4.31,-3.98,1.99,1.99,1.99
193.33,6.28,4.32,6.28,4.32,-4.33,-4.30,-4.00,1.95,1.95,1.95
195.27,6.22,4.31,6.22,4.31,-4.31,-4.29,-4.02,1.91,1.91,1.91
197.22,6.16,4.29,6.16,4.29,-4.29,-4.29,-4.04,1.87,1.87,1.87
199.19,6.09,4.27,6.09,4.27,-4.27,-4.28,-4.07,1.83,1.83,1.83
201.18,6.03,4.25,6.03,4.25,-4.24,-4.27,-4.10,1.79,1.79,1.78
203.19,5.97,4.22,5.97,4.22,-4.22,-4.26,-4.13,1.75,1.75,1.75
205.23,5.91,4.20,5.91,4.20,-4.20,-4.26,-4.16,1.71,1.71,1.71
207.28,5.85,4.17,5.85,4.17,-4.17,-4.25,-4.19,1.68,1.68,1.68
209.35,5.79,4.15,5.79,4.15,-4.15,-4.24,-4.22,1.64,1.64,1.64
211.44,5.74,4.13,5.74,4.13,-4.13,-4.23,-4.26,1.61,1.61,1.61
213.56,5.68,4.11,5.68,4.11,-4.11,-4.23,-4.29,1.57,1.57,1.58
215.69,5.64,4.09,5.64,4.09,-4.09,-4.22,-4.33,1.54,1.54,1.54
217.85,5.59,4.08,5.59,4.08,-4.08,-4.21,-4.36,1.51,1.51,1.51
220.03,5.55,4.07,5.55,4.07,-4.08,-4.20,-4.39,1.47,1.47,1.48
222.23,5.52,4.08,5.52,4.07,-4.08,-4.20,-4.42,1.44,1.44,1.45
224.45,5.49,4.08,5.49,4.08,-4.08,-4.19,-4.45,1.41,1.41,1.41
226.70,5.47,4.09,5.47,4.09,-4.09,-4.18,-4.48,1.38,1.38,1.38
228.96,5.45,4.10,5.44,4.10,-4.10,-4.17,-4.51,1.34,1.34,1.34
231.25,5.43,4.12,5.43,4.12,-4.11,-4.17,-4.53,1.31,1.31,1.31
233.57,5.41,4.13,5.41,4.13,-4.13,-4.16,-4.55,1.28,1.28,1.28
235.90,5.39,4.14,5.39,4.14,-4.14,-4.15,-4.56,1.25,1.25,1.25
238.26,5.37,4.15,5.37,4.15,-4.15,-4.14,-4.57,1.22,1.22,1.22
240.64,5.36,4.16,5.36,4.16,-4.16,-4.13,-4.58,1.19,1.19,1.19
243.05,5.34,4.17,5.34,4.17,-4.17,-4.12,-4.58,1.16,1.16,1.16
245.48,5.31,4.18,5.31,4.18,-4.18,-4.11,-4.58,1.13,1.13,1.13
247.93,5.29,4.19,5.29,4.19,-4.18,-4.10,-4.57,1.10,1.10,1.10
250.41,5.26,4.19,5.26,4.19,-4.19,-4.09,-4.56,1.07,1.07,1.07
252.92,5.23,4.19,5.23,4.19,-4.18,-4.08,-4.54,1.04,1.04,1.04
255.45,5.19,4.18,5.19,4.18,-4.18,-4.07,-4.52,1.01,1.01,1.01
258.00,5.15,4.17,5.15,4.17,-4.17,-4.06,-4.49,0.98,0.98,0.98
260.58,5.11,4.16,5.11,4.16,-4.16,-4.05,-4.46,0.95,0.95,0.95
263.19,5.07,4.15,5.07,4.15,-4.15,-4.03,-4.42,0.92,0.92,0.92
265.82,5.02,4.14,5.02,4.14,-4.14,-4.02,-4.38,0.89,0.89,0.89
268.48,4.97,4.12,4.97,4.12,-4.12,-4.00,-4.34,0.85,0.86,0.85
271.16,4.92,4.10,4.92,4.10,-4.10,-3.99,-4.29,0.82,0.82,0.82
273.87,4.87,4.08,4.87,4.08,-4.08,-3.97,-4.24,0.79,0.79,0.79
276.61,4.82,4.06,4.82,4.06,-4.06,-3.95,-4.18,0.76,0.76,0.76
279.38,4.76,4.03,4.76,4.03,-4.03,-3.94,-4.12,0.73,0.73,0.73
282.17,4.71,4.00,4.71,4.00,-4.00,-3.92,-4.06,0.70,0.70,0.70
284.99,4.65,3.98,4.65,3.98,-3.98,-3.90,-4.00,0.67,0.67,0.68
287.84,4.59,3.95,4.59,3.95,-3.95,-3.88,-3.94,0.65,0.65,0.65
290.72,4.54,3.92,4.54,3.92,-3.92,-3.86,-3.87,0.62,0.62,0.62
293.63,4.48,3.89,4.48,3.89,-3.89,-3.84,-3.81,0.59,0.59,0.59
296.57,4.42,3.86,4.42,3.86,-3.86,-3.81,-3.74,0.56,0.56,0.56
299.53,4.36,3.83,4.36,3.83,-3.82,-3.79,-3.67,0.54,0.54,0.54
302.53,4.30,3.79,4.30,3.79,-3.79,-3.76,-3.61,0.51,0.51,0.51
305.55,4.24,3.76,4.24,3.76,-3.76,-3.74,-3.54,0.49,0.49,0.49
308.61,4.18,3.72,4.18,3.72,-3.72,-3.71,-3.48,0.46,0.46,0.46
311.69,4.12,3.68,4.12,3.68,-3.68,-3.68,-3.41,0.44,0.44,0.44
314.81,4.06,3.64,4.06,3.64,-3.64,-3.66,-3.35,0.42,0.42,0.42
317.96,4.00,3.60,4.01,3.60,-3.60,-3.63,-3.29,0.40,0.40,0.40
321.14,3.95,3.56,3.95,3.56,-3.57,-3.60,-3.23,0.38,0.38,0.38
324.35,3.89,3.53,3.89,3.52,-3.53,-3.56,-3.17,0.36,0.36,0.36
327.59,3.83,3.48,3.83,3.48,-3.48,-3.53,-3.11,0.34,0.34,0.34
330.87,3.77,3.44,3.77,3.44,-3.44,-3.50,-3.06,0.32,0.32,0.32
334.18,3.71,3.40,3.71,3.40,-3.40,-3.46,-3.00,0.30,0.30,0.30
337.52,3.65,3.36,3.65,3.36,-3.36,-3.43,-2.95,0.28,0.28,0.28
340.90,3.59,3.32,3.59,3.32,-3.32,-3.39,-2.90,0.26,0.26,0.27
344.30,3.53,3.28,3.53,3.28,-3.28,-3.36,-2.85,0.24,0.25,0.25
347.75,3.47,3.25,3.47,3.25,-3.24,-3.32,-2.81,0.23,0.23,0.23
351.23,3.41,3.21,3.41,3.21,-3.20,-3.28,-2.77,0.21,0.21,0.21
354.74,3.35,3.16,3.35,3.16,-3.16,-3.24,-2.72,0.19,0.19,0.19
358.28,3.29,3.12,3.29,3.12,-3.12,-3.20,-2.69,0.17,0.17,0.17
361.87,3.23,3.08,3.23,3.08,-3.08,-3.16,-2.65,0.15,0.15,0.15
365.49,3.18,3.04,3.18,3.04,-3.04,-3.12,-2.61,0.14,0.14,0.14
369.14,3.12,3.00,3.12,3.00,-3.00,-3.07,-2.58,0.12,0.12,0.12
372.83,3.06,2.95,3.06,2.95,-2.95,-3.03,-2.55,0.10,0.10,0.10
376.56,3.00,2.91,3.00,2.91,-2.91,-2.99,-2.52,0.09,0.09,0.09
380.33,2.94,2.87,2.94,2.87,-2.87,-2.94,-2.50,0.07,0.07,0.07
384.13,2.88,2.83,2.88,2.83,-2.83,-2.90,-2.47,0.05,0.05,0.05
387.97,2.82,2.79,2.82,2.79,-2.79,-2.85,-2.45,0.03,0.03,0.03
391.85,2.76,2.75,2.76,2.75,-2.75,-2.81,-2.43,0.02,0.02,0.01
395.77,2.70,2.71,2.70,2.71,-2.71,-2.76,-2.41,-0.00,-0.00,-0.00
399.73,2.64,2.66,2.64,2.66,-2.66,-2.71,-2.39,-0.02,-0.02,-0.02
403.72,2.59,2.62,2.59,2.62,-2.62,-2.66,-2.37,-0.03,-0.04,-0.04
407.76,2.53,2.58,2.53,2.58,-2.58,-2.62,-2.35,-0.05,-0.05,-0.05
411.84,2.47,2.53,2.47,2.53,-2.53,-2.57,-2.34,-0.07,-0.07,-0.06
415.96,2.41,2.49,2.41,2.49,-2.49,-2.52,-2.32,-0.08,-0.08,-0.08
420.12,2.35,2.44,2.35,2.44,-2.44,-2.47,-2.31,-0.09,-0.09,-0.09
424.32,2.29,2.40,2.29,2.40,-2.40,-2.42,-2.30,-0.10,-0.10,-0.11
428.56,2.23,2.35,2.23,2.35,-2.35,-2.37,-2.29,-0.12,-0.12,-0.12
432.85,2.18,2.30,2.18,2.30,-2.30,-2.32,-2.27,-0.13,-0.13,-0.13
437.18,2.12,2.25,2.12,2.25,-2.25,-2.27,-2.26,-0.14,-0.14,-0.14
441.55,2.06,2.21,2.06,2.21,-2.20,-2.22,-2.25,-0.14,-0.14,-0.14
445.96,2.00,2.16,2.00,2.16,-2.16,-2.17,-2.23,-0.15,-0.15,-0.15
450.42,1.95,2.11,1.95,2.11,-2.11,-2.12,-2.22,-0.16,-0.16,-0.16
454.93,1.89,2.06,1.89,2.06,-2.06,-2.06,-2.20,-0.17,-0.17,-0.17
459.48,1.83,2.01,1.83,2.01,-2.01,-2.01,-2.19,-0.18,-0.18,-0.17
464.07,1.77,1.96,1.77,1.96,-1.96,-1.96,-2.17,-0.18,-0.18,-0.18
468.71,1.72,1.91,1.72,1.91,-1.91,-1.91,-2.15,-0.19,-0.19,-0.19
473.40,1.66,1.86,1.66,1.86,-1.86,-1.86,-2.13,-0.20,-0.20,-0.20
478.13,1.60,1.81,1.60,1.81,-1.81,-1.80,-2.11,-0.21,-0.21,-0.21
482.91,1.55,1.76,1.55,1.76,-1.76,-1.75,-2.08,-0.21,-0.21,-0.21
487.74,1.49,1.71,1.49,1.71,-1.71,-1.70,-2.05,-0.22,-0.22,-0.22
492.62,1.43,1.66,1.43,1.66,-1.66,-1.65,-2.02,-0.22,-0.22,-0.23
497.55,1.38,1.61,1.38,1.61,-1.61,-1.59,-1.99,-0.23,-0.23,-0.23
502.52,1.32,1.56,1.32,1.56,-1.56,-1.54,-1.96,-0.23,-0.23,-0.24
507.55,1.27,1.51,1.27,1.51,-1.51,-1.49,-1.92,-0.24,-0.24,-0.24
512.62,1.21,1.46,1.21,1.46,-1.46,-1.44,-1.88,-0.24,-0.24,-0.24
517.75,1.16,1.40,1.16,1.41,-1.41,-1.38,-1.84,-0.25,-0.25,-0.25
522.93,1.11,1.35,1.11,1.35,-1.35,-1.33,-1.80,-0.25,-0.25,-0.25
528.16,1.05,1.30,1.05,1.30,-1.30,-1.28,-1.75,-0.25,-0.25,-0.25
533.44,1.00,1.25,1.00,1.25,-1.25,-1.23,-1.70,-0.25,-0.25,-0.25
538.77,0.95,1.20,0.95,1.20,-1.20,-1.17,-1.65,-0.26,-0.26,-0.26
544.16,0.89,1.15,0.89,1.15,-1.15,-1.12,-1.60,-0.26,-0.26,-0.26
549.60,0.84,1.10,0.84,1.10,-1.10,-1.07,-1.55,-0.26,-0.26,-0.26
555.10,0.79,1.05,0.79,1.05,-1.05,-1.02,-1.49,-0.26,-0.26,-0.26
560.65,0.74,1.00,0.74,1.00,-1.00,-0.96,-1.43,-0.26,-0.26,-0.26
566.25,0.69,0.94,0.69,0.94,-0.95,-0.91,-1.37,-0.26,-0.26,-0.26
571.92,0.64,0.89,0.64,0.89,-0.89,-0.86,-1.31,-0.26,-0.26,-0.26
577.64,0.59,0.84,0.59,0.84,-0.84,-0.81,-1.25,-0.26,-0.26,-0.26
583.41,0.54,0.79,0.54,0.79,-0.79,-0.76,-1.19,-0.26,-0.26,-0.26
589.25,0.49,0.74,0.49,0.74,-0.74,-0.70,-1.12,-0.25,-0.25,-0.25
595.14,0.44,0.69,0.44,0.69,-0.69,-0.65,-1.06,-0.25,-0.25,-0.25
601.09,0.39,0.64,0.39,0.64,-0.64,-0.60,-0.99,-0.25,-0.25,-0.25
607.10,0.34,0.59,0.34,0.59,-0.59,-0.55,-0.92,-0.24,-0.24,-0.24
613.17,0.30,0.54,0.30,0.54,-0.54,-0.50,-0.86,-0.24,-0.24,-0.24
619.30,0.25,0.48,0.25,0.48,-0.48,-0.44,-0.79,-0.23,-0.23,-0.23
625.50,0.20,0.43,0.20,0.43,-0.43,-0.39,-0.72,-0.23,-0.23,-0.23
631.75,0.16,0.38,0.16,0.38,-0.38,-0.34,-0.65,-0.22,-0.22,-0.22
638.07,0.11,0.33,0.11,0.33,-0.33,-0.29,-0.58,-0.22,-0.22,-0.22
644.45,0.07,0.28,0.07,0.28,-0.28,-0.24,-0.51,-0.21,-0.21,-0.21
650.89,0.03,0.23,0.03,0.23,-0.23,-0.19,-0.44,-0.20,-0.20,-0.20
657.40,-0.01,0.18,-0.01,0.18,-0.18,-0.14,-0.38,-0.19,-0.19,-0.19
663.98,-0.06,0.13,-0.06,0.13,-0.13,-0.09,-0.31,-0.18,-0.18,-0.18
670.62,-0.10,0.08,-0.10,0.08,-0.08,-0.04,-0.24,-0.17,-0.17,-0.17
677.32,-0.14,0.02,-0.14,0.02,-0.03,0.01,-0.17,-0.16,-0.16,-0.16
684.10,-0.18,-0.03,-0.18,-0.03,0.03,0.07,-0.10,-0.15,-0.15,-0.15
690.94,-0.21,-0.08,-0.21,-0.08,0.08,0.12,-0.03,-0.14,-0.14,-0.14
697.85,-0.25,-0.13,-0.25,-0.13,0.13,0.17,0.04,-0.12,-0.12,-0.12
704.83,-0.29,-0.18,-0.29,-0.18,0.18,0.22,0.11,-0.11,-0.11,-0.11
711.87,-0.32,-0.23,-0.32,-0.23,0.23,0.27,0.18,-0.09,-0.09,-0.09
718.99,-0.36,-0.29,-0.36,-0.29,0.29,0.31,0.26,-0.07,-0.07,-0.07
726.18,-0.39,-0.34,-0.39,-0.34,0.34,0.36,0.33,-0.05,-0.05,-0.05
733.44,-0.43,-0.40,-0.43,-0.40,0.40,0.41,0.40,-0.03,-0.03,-0.03
740.78,-0.46,-0.45,-0.46,-0.45,0.45,0.46,0.47,-0.01,-0.01,-0.01
748.19,-0.50,-0.51,-0.50,-0.51,0.51,0.51,0.54,0.01,0.01,0.01
755.67,-0.53,-0.57,-0.53,-0.57,0.57,0.56,0.61,0.04,0.04,0.03
763.23,-0.57,-0.63,-0.57,-0.63,0.63,0.61,0.68,0.06,0.06,0.06
770.86,-0.60,-0.69,-0.60,-0.69,0.69,0.66,0.75,0.09,0.09,0.09
778.57,-0.64,-0.75,-0.64,-0.75,0.75,0.70,0.82,0.12,0.12,0.12
786.35,-0.67,-0.81,-0.67,-0.81,0.82,0.75,0.90,0.15,0.15,0.15
794.22,-0.70,-0.88,-0.70,-0.88,0.88,0.80,0.97,0.18,0.18,0.18
802.16,-0.73,-0.94,-0.73,-0.94,0.94,0.84,1.04,0.21,0.21,0.21
810.18,-0.76,-1.01,-0.76,-1.01,1.01,0.89,1.11,0.25,0.25,0.25
818.28,-0.78,-1.06,-0.78,-1.07,1.06,0.94,1.18,0.29,0.28,0.29
826.46,-0.79,-1.12,-0.79,-1.12,1.12,0.98,1.25,0.32,0.32,0.33
834.73,-0.80,-1.17,-0.80,-1.17,1.17,1.03,1.32,0.37,0.37,0.37
843.08,-0.80,-1.21,-0.80,-1.21,1.21,1.07,1.38,0.41,0.41,0.42
851.51,-0.78,-1.25,-0.78,-1.25,1.24,1.11,1.45,0.46,0.46,0.46
860.02,-0.76,-1.28,-0.76,-1.28,1.27,1.16,1.52,0.51,0.51,0.52
868.62,-0.73,-1.30,-0.73,-1.30,1.30,1.20,1.58,0.57,0.57,0.57
877.31,-0.69,-1.32,-0.69,-1.32,1.31,1.24,1.65,0.63,0.63,0.63
886.08,-0.64,-1.33,-0.64,-1.33,1.33,1.29,1.71,0.69,0.69,0.69
894.94,-0.59,-1.34,-0.59,-1.34,1.35,1.33,1.77,0.75,0.75,0.75
903.89,-0.54,-1.36,-0.54,-1.36,1.36,1.37,1.83,0.82,0.82,0.82
912.93,-0.49,-1.38,-0.49,-1.38,1.38,1.41,1.88,0.89,0.89,0.89
922.06,-0.44,-1.40,-0.44,-1.40,1.40,1.45,1.93,0.97,0.97,0.96
931.28,-0.38,-1.42,-0.38,-1.42,1.43,1.49,1.99,1.04,1.04,1.04
940.59,-0.33,-1.45,-0.33,-1.45,1.45,1.53,2.03,1.12,1.12,1.12
950.00,-0.28,-1.48,-0.28,-1.48,1.48,1.57,2.08,1.20,1.20,1.20
959.50,-0.23,-1.51,-0.23,-1.51,1.51,1.61,2.12,1.28,1.28,1.29
969.09,-0.17,-1.55,-0.17,-1.54,1.54,1.64,2.16,1.37,1.37,1.37
978.78,-0.12,-1.58,-0.12,-1.58,1.58,1.68,2.19,1.46,1.46,1.46
988.57,-0.07,-1.61,-0.07,-1.61,1.61,1.72,2.23,1.55,1.55,1.55
998.46,-0.01,-1.65,-0.01,-1.65,1.65,1.75,2.25,1.64,1.64,1.64
1008.44,0.05,-1.68,0.05,-1.68,1.68,1.79,2.28,1.73,1.73,1.73
1018.53,0.11,-1.72,0.11,-1.72,1.72,1.83,2.30,1.83,1.83,1.83
1028.71,0.17,-1.76,0.17,-1.76,1.76,1.86,2.32,1.93,1.93,1.93
1039.00,0.23,-1.80,0.23,-1.80,1.80,1.89,2.34,2.03,2.03,2.03
1049.39,0.30,-1.83,0.30,-1.83,1.83,1.93,2.35,2.13,2.13,2.13
1059.88,0.36,-1.87,0.36,-1.87,1.87,1.96,2.36,2.23,2.23,2.23
1070.48,0.43,-1.91,0.43,-1.91,1.91,2.00,2.37,2.33,2.33,2.33
1081.19,0.49,-1.94,0.49,-1.94,1.94,2.03,2.37,2.43,2.43,2.43
1092.00,0.56,-1.98,0.56,-1.98,1.98,2.06,2.38,2.54,2.54,2.54
1102.92,0.63,-2.02,0.63,-2.02,2.02,2.09,2.37,2.64,2.64,2.64
1113.95,0.69,-2.06,0.69,-2.06,2.06,2.12,2.37,2.75,2.75,2.75
1125.09,0.76,-2.10,0.76,-2.10,2.10,2.16,2.37,2.85,2.85,2.85
1136.34,0.82,-2.14,0.82,-2.14,2.14,2.19,2.37,2.96,2.96,2.96
1147.70,0.88,-2.18,0.88,-2.18,2.18,2.22,2.36,3.07,3.07,3.06
1159.18,0.95,-2.22,0.95,-2.22,2.23,2.25,2.36,3.17,3.17,3.17
1170.77,1.01,-2.27,1.01,-2.27,2.27,2.28,2.35,3.28,3.28,3.27
1182.48,1.06,-2.31,1.06,-2.31,2.31,2.31,2.34,3.38,3.38,3.38
1194.30,1.12,-2.36,1.12,-2.36,2.36,2.34,2.34,3.48,3.48,3.48
1206.25,1.18,-2.40,1.18,-2.40,2.40,2.37,2.33,3.58,3.58,3.58
1218.31,1.23,-2.44,1.23,-2.44,2.44,2.40,2.32,3.67,3.67,3.67
1230.49,1.28,-2.48,1.28,-2.48,2.48,2.43,2.32,3.76,3.76,3.77
1242.80,1.33,-2.52,1.33,-2.52,2.52,2.46,2.31,3.85,3.85,3.86
1255.22,1.38,-2.56,1.38,-2.56,2.56,2.49,2.31,3.94,3.94,3.94
1267.78,1.43,-2.60,1.43,-2.60,2.60,2.52,2.31,4.03,4.03,4.03
1280.45,1.49,-2.63,1.49,-2.63,2.63,2.55,2.30,4.12,4.12,4.12
1293.26,1.54,-2.67,1.54,-2.67,2.67,2.58,2.30,4.20,4.20,4.20
1306.19,1.59,-2.70,1.59,-2.70,2.70,2.61,2.31,4.29,4.29,4.29
1319.25,1.64,-2.73,1.64,-2.73,2.73,2.65,2.31,4.38,4.38,4.38
1332.45,1.70,-2.76,1.70,-2.76,2.77,2.68,2.31,4.46,4.46,4.46
1345.77,1.75,-2.80,1.75,-2.80,2.80,2.71,2.32,4.55,4.55,4.55
1359.23,1.81,-2.83,1.81,-2.83,2.83,2.74,2.32,4.64,4.64,4.64
1372.82,1.87,-2.86,1.87,-2.86,2.86,2.77,2.33,4.72,4.72,4.73
1386.55,1.92,-2.89,1.92,-2.89,2.89,2.80,2.34,4.81,4.81,4.81
1400.41,1.98,-2.91,1.98,-2.91,2.91,2.84,2.36,4.89,4.89,4.90
1414.42,2.04,-2.94,2.04,-2.94,2.93,2.87,2.37,4.98,4.98,4.98
1428.56,2.10,-2.96,2.10,-2.96,2.95,2.90,2.39,5.06,5.06,5.06
1442.85,2.16,-2.97,2.16,-2.97,2.97,2.93,2.41,5.14,5.14,5.14
1457.28,2.22,-2.99,2.22,-2.99,2.99,2.97,2.43,5.21,5.21,5.21
1471.85,2.29,-3.01,2.29,-3.01,3.01,3.00,2.45,5.29,5.29,5.29
1486.57,2.35,-3.02,2.35,-3.02,3.02,3.03,2.47,5.37,5.37,5.37
1501.43,2.41,-3.04,2.41,-3.04,3.04,3.07,2.50,5.45,5.45,5.45
1516.45,2.47,-3.06,2.47,-3.06,3.06,3.10,2.53,5.53,5.53,5.53
1531.61,2.54,-3.08,2.54,-3.08,3.07,3.13,2.56,5.61,5.61,5.61
1546.93,2.60,-3.10,2.60,-3.10,3.09,3.17,2.59,5.69,5.69,5.69
1562.40,2.66,-3.12,2.66,-3.12,3.12,3.20,2.62,5.78,5.78,5.78
1578.02,2.72,-3.14,2.72,-3.14,3.14,3.23,2.66,5.87,5.87,5.86
1593.80,2.79,-3.17,2.79,-3.17,3.17,3.26,2.69,5.96,5.96,5.95
1609.74,2.85,-3.20,2.85,-3.20,3.20,3.30,2.73,6.06,6.06,6.05
1625.84,2.92,-3.23,2.92,-3.23,3.24,3.33,2.77,6.16,6.16,6.15
1642.10,2.98,-3.28,2.98,-3.28,3.29,3.36,2.81,6.27,6.27,6.26
1658.52,3.05,-3.33,3.05,-3.33,3.33,3.39,2.85,6.38,6.38,6.37
1675.10,3.11,-3.38,3.11,-3.38,3.38,3.42,2.89,6.49,6.49,6.49
1691.85,3.18,-3.43,3.18,-3.43,3.42,3.45,2.93,6.60,6.60,6.61
1708.77,3.25,-3.47,3.25,-3.47,3.46,3.48,2.97,6.71,6.71,6.72
1725.86,3.32,-3.51,3.32,-3.51,3.50,3.51,3.01,6.82,6.82,6.83
1743.12,3.39,-3.54,3.39,-3.54,3.53,3.54,3.05,6.92,6.92,6.93
1760.55,3.46,-3.56,3.46,-3.56,3.56,3.56,3.09,7.02,7.02,7.02
1778.15,3.53,-3.58,3.53,-3.58,3.58,3.59,3.13,7.12,7.11,7.11
1795.94,3.60,-3.60,3.60,-3.60,3.60,3.61,3.17,7.21,7.21,7.21
1813.90,3.68,-3.62,3.68,-3.62,3.62,3.63,3.21,7.30,7.30,7.29
1832.03,3.75,-3.63,3.75,-3.63,3.63,3.65,3.24,7.38,7.38,7.38
1850.36,3.83,-3.64,3.83,-3.64,3.64,3.67,3.28,7.47,7.47,7.47
1868.86,3.91,-3.65,3.91,-3.65,3.66,3.69,3.31,7.56,7.56,7.56
1887.55,3.98,-3.67,3.98,-3.67,3.67,3.70,3.34,7.65,7.65,7.65
1906.42,4.06,-3.68,4.06,-3.68,3.68,3.72,3.37,7.74,7.74,7.74
1925.49,4.14,-3.69,4.14,-3.69,3.69,3.73,3.39,7.83,7.83,7.83
1944.74,4.22,-3.70,4.22,-3.70,3.70,3.73,3.42,7.92,7.92,7.92
1964.19,4.30,-3.71,4.30,-3.71,3.71,3.74,3.43,8.01,8.01,8.01
1983.83,4.39,-3.71,4.39,-3.71,3.71,3.74,3.45,8.10,8.10,8.10
2003.67,4.47,-3.72,4.47,-3.72,3.72,3.74,3.47,8.19,8.19,8.19
2023.71,4.55,-3.73,4.55,-3.73,3.73,3.74,3.48,8.28,8.28,8.28
2043.94,4.63,-3.73,4.63,-3.73,3.73,3.74,3.48,8.36,8.36,8.36
2064.38,4.72,-3.73,4.72,-3.73,3.73,3.73,3.49,8.45,8.45,8.45
2085.03,4.80,-3.73,4.80,-3.73,3.74,3.72,3.49,8.54,8.54,8.53
2105.88,4.88,-3.73,4.88,-3.73,3.74,3.71,3.49,8.62,8.62,8.62
2126.94,4.97,-3.73,4.97,-3.73,3.74,3.69,3.49,8.70,8.70,8.70
2148.20,5.05,-3.73,5.05,-3.73,3.73,3.67,3.49,8.78,8.78,8.78
2169.69,5.13,-3.72,5.13,-3.72,3.73,3.65,3.48,8.86,8.86,8.86
2191.38,5.21,-3.71,5.21,-3.71,3.71,3.62,3.47,8.93,8.93,8.93
2213.30,5.29,-3.70,5.29,-3.70,3.69,3.59,3.46,8.99,8.99,8.99
2235.43,5.37,-3.67,5.37,-3.67,3.67,3.56,3.45,9.04,9.04,9.05
2257.78,5.45,-3.64,5.45,-3.64,3.63,3.52,3.44,9.09,9.09,9.09
2280.36,5.53,-3.59,5.53,-3.59,3.59,3.49,3.43,9.12,9.12,9.12
2303.17,5.61,-3.54,5.61,-3.54,3.53,3.44,3.42,9.14,9.14,9.14
2326.20,5.68,-3.47,5.68,-3.47,3.46,3.40,3.41,9.14,9.14,9.15
2349.46,5.75,-3.40,5.75,-3.39,3.38,3.35,3.39,9.14,9.14,9.15
2372.95,5.82,-3.31,5.82,-3.31,3.30,3.30,3.38,9.12,9.12,9.13
2396.68,5.89,-3.21,5.89,-3.21,3.21,3.25,3.37,9.10,9.10,9.10
2420.65,5.95,-3.12,5.95,-3.12,3.12,3.19,3.36,9.07,9.07,9.07
2444.86,6.01,-3.02,6.01,-3.02,3.03,3.14,3.35,9.04,9.04,9.03
2469.31,6.07,-2.93,6.07,-2.93,2.94,3.08,3.35,9.01,9.01,9.00
2494.00,6.12,-2.85,6.12,-2.86,2.87,3.02,3.34,8.99,8.99,8.98
2518.94,6.17,-2.79,6.17,-2.79,2.81,2.96,3.34,8.98,8.98,8.96
2544.13,6.22,-2.74,6.22,-2.74,2.76,2.90,3.34,8.98,8.98,8.97
2569.57,6.26,-2.71,6.26,-2.71,2.72,2.84,3.34,8.98,8.98,8.97
2595.27,6.30,-2.69,6.30,-2.69,2.69,2.79,3.34,8.99,8.99,8.99
2621.22,6.34,-2.67,6.34,-2.67,2.67,2.74,3.35,9.01,9.01,9.01
2647.43,6.37,-2.67,6.37,-2.66,2.66,2.69,3.36,9.03,9.03,9.04
2673.90,6.40,-2.66,6.40,-2.66,2.65,2.64,3.37,9.05,9.05,9.06
2700.64,6.43,-2.65,6.43,-2.65,2.64,2.61,3.38,9.07,9.07,9.08
2727.65,6.45,-2.64,6.45,-2.64,2.64,2.57,3.40,9.09,9.09,9.09
2754.93,6.47,-2.64,6.47,-2.64,2.63,2.55,3.42,9.10,9.10,9.11
2782.48,6.49,-2.63,6.49,-2.63,2.63,2.53,3.44,9.12,9.12,9.12
2810.30,6.51,-2.63,6.51,-2.63,2.63,2.53,3.46,9.14,9.14,9.14
2838.40,6.53,-2.63,6.53,-2.63,2.63,2.53,3.49,9.16,9.16,9.16
2866.79,6.55,-2.63,6.55,-2.63,2.64,2.54,3.52,9.19,9.19,9.19
2895.46,6.57,-2.65,6.57,-2.65,2.65,2.56,3.56,9.22,9.22,9.22
2924.41,6.59,-2.66,6.59,-2.66,2.67,2.60,3.59,9.26,9.26,9.25
2953.65,6.61,-2.69,6.61,-2.69,2.69,2.63,3.63,9.30,9.30,9.30
2983.19,6.62,-2.72,6.62,-2.72,2.72,2.68,3.68,9.34,9.34,9.34
3013.02,6.63,-2.75,6.64,-2.75,2.75,2.74,3.72,9.39,9.39,9.39
3043.15,6.64,-2.79,6.64,-2.79,2.79,2.80,3.77,9.43,9.43,9.44
3073.58,6.64,-2.84,6.64,-2.84,2.84,2.87,3.82,9.48,9.48,9.48
3104.32,6.63,-2.89,6.63,-2.89,2.89,2.95,3.87,9.52,9.52,9.53
3135.36,6.62,-2.95,6.62,-2.95,2.95,3.03,3.93,9.56,9.56,9.57
3166.72,6.59,-3.02,6.59,-3.01,3.01,3.11,3.99,9.60,9.61,9.61
3198.38,6.56,-3.09,6.56,-3.09,3.09,3.20,4.05,9.65,9.65,9.64
3230.37,6.51,-3.17,6.52,-3.17,3.18,3.29,4.11,9.69,9.69,9.68
3262.67,6.46,-3.26,6.46,-3.26,3.27,3.39,4.17,9.74,9.74,9.73
3295.30,6.41,-3.37,6.40,-3.37,3.38,3.49,4.24,9.79,9.78,9.78
3328.25,6.34,-3.49,6.34,-3.49,3.50,3.60,4.30,9.83,9.84,9.83
3361.53,6.27,-3.62,6.27,-3.62,3.62,3.70,4.37,9.89,9.89,9.89
3395.15,6.19,-3.76,6.19,-3.76,3.76,3.81,4.43,9.94,9.94,9.94
3429.10,6.10,-3.90,6.10,-3.90,3.90,3.93,4.50,10.00,10.00,10.00
3463.39,6.01,-4.04,6.01,-4.04,4.04,4.04,4.56,10.05,10.05,10.06
3498.03,5.92,-4.19,5.92,-4.19,4.19,4.16,4.62,10.10,10.10,10.11
3533.01,5.82,-4.33,5.82,-4.33,4.33,4.28,4.68,10.15,10.15,10.15
3568.34,5.72,-4.48,5.72,-4.48,4.47,4.40,4.74,10.19,10.19,10.20
3604.02,5.61,-4.61,5.61,-4.61,4.61,4.52,4.80,10.22,10.22,10.23
3640.06,5.51,-4.75,5.51,-4.75,4.74,4.65,4.85,10.25,10.25,10.25
3676.46,5.40,-4.87,5.40,-4.87,4.87,4.78,4.89,10.27,10.27,10.27
3713.22,5.29,-5.00,5.29,-5.00,5.00,4.90,4.93,10.29,10.29,10.29
3750.36,5.18,-5.12,5.18,-5.12,5.13,5.03,4.97,10.30,10.30,10.30
3787.86,5.06,-5.24,5.06,-5.24,5.25,5.16,5.00,10.31,10.31,10.30
3825.74,4.95,-5.36,4.95,-5.36,5.37,5.28,5.02,10.32,10.32,10.31
3864.00,4.84,-5.48,4.84,-5.48,5.48,5.40,5.03,10.32,10.32,10.31
3902.64,4.73,-5.59,4.73,-5.59,5.59,5.51,5.04,10.32,10.32,10.32
3941.66,4.61,-5.70,4.61,-5.70,5.69,5.62,5.04,10.31,10.31,10.31
3981.08,4.51,-5.79,4.51,-5.79,5.78,5.72,5.03,10.29,10.29,10.29
4020.89,4.40,-5.87,4.40,-5.87,5.86,5.81,5.01,10.26,10.26,10.26
4061.10,4.29,-5.93,4.29,-5.93,5.92,5.89,4.98,10.21,10.21,10.22
4101.71,4.19,-5.97,4.19,-5.97,5.96,5.96,4.95,10.15,10.15,10.16
4142.73,4.09,-5.99,4.09,-5.99,5.99,6.00,4.90,10.08,10.08,10.08
4184.15,3.99,-6.00,3.99,-6.00,6.00,6.03,4.85,9.99,10.00,10.00
4226.00,3.90,-5.99,3.90,-5.99,5.99,6.04,4.79,9.89,9.89,9.89
4268.26,3.81,-5.97,3.81,-5.97,5.97,6.03,4.72,9.78,9.78,9.77
4310.94,3.72,-5.93,3.72,-5.92,5.92,6.00,4.65,9.64,9.64,9.65
4354.05,3.64,-5.86,3.64,-5.86,5.86,5.95,4.57,9.50,9.50,9.50
4397.59,3.55,-5.78,3.55,-5.79,5.78,5.87,4.48,9.33,9.33,9.34
4441.56,3.47,-5.69,3.47,-5.69,5.68,5.77,4.39,9.16,9.16,9.16
4485.98,3.39,-5.57,3.39,-5.57,5.57,5.65,4.29,8.96,8.96,8.97
4530.84,3.32,-5.44,3.32,-5.44,5.44,5.51,4.19,8.76,8.76,8.76
4576.15,3.24,-5.30,3.24,-5.30,5.30,5.35,4.08,8.54,8.54,8.54
4621.91,3.17,-5.14,3.17,-5.14,5.14,5.18,3.98,8.30,8.30,8.30
4668.13,3.09,-4.97,3.09,-4.97,4.97,4.99,3.87,8.06,8.06,8.06
4714.81,3.02,-4.79,3.02,-4.79,4.79,4.79,3.76,7.81,7.81,7.81
4761.96,2.95,-4.60,2.95,-4.60,4.60,4.58,3.64,7.55,7.55,7.55
4809.58,2.88,-4.40,2.88,-4.40,4.40,4.36,3.53,7.28,7.28,7.28
4857.67,2.82,-4.20,2.82,-4.20,4.19,4.13,3.41,7.01,7.01,7.01
4906.25,2.76,-3.98,2.76,-3.98,3.98,3.90,3.30,6.74,6.74,6.74
4955.31,2.70,-3.76,2.70,-3.76,3.76,3.66,3.18,6.46,6.46,6.46
5004.87,2.64,-3.54,2.64,-3.54,3.54,3.42,3.07,6.18,6.18,6.18
5054.91,2.60,-3.30,2.60,-3.31,3.31,3.19,2.96,5.90,5.90,5.90
5105.46,2.56,-3.07,2.56,-3.07,3.07,2.95,2.85,5.63,5.63,5.63
5156.52,2.52,-2.84,2.52,-2.84,2.84,2.71,2.73,5.36,5.36,5.36
5208.08,2.49,-2.60,2.49,-2.60,2.60,2.47,2.62,5.10,5.10,5.10
5260.16,2.48,-2.37,2.48,-2.37,2.36,2.24,2.52,4.84,4.84,4.84
5312.77,2.46,-2.13,2.46,-2.13,2.13,2.02,2.41,4.59,4.59,4.60
5365.89,2.46,-1.90,2.46,-1.90,1.90,1.80,2.30,4.36,4.36,4.36
5419.55,2.46,-1.67,2.46,-1.67,1.67,1.58,2.20,4.13,4.13,4.13
5473.75,2.47,-1.45,2.47,-1.45,1.45,1.37,2.09,3.92,3.92,3.92
5528.49,2.49,-1.23,2.49,-1.23,1.23,1.17,1.99,3.72,3.72,3.72
5583.77,2.51,-1.02,2.51,-1.02,1.02,0.99,1.89,3.53,3.54,3.53
5639.61,2.54,-0.82,2.54,-0.83,0.82,0.81,1.79,3.36,3.37,3.36
5696.00,2.57,-0.63,2.58,-0.64,0.64,0.64,1.70,3.21,3.21,3.21
5752.96,2.61,-0.45,2.62,-0.46,0.46,0.48,1.60,3.07,3.08,3.06
5810.49,2.66,-0.29,2.67,-0.30,0.29,0.34,1.51,2.95,2.96,2.94
5868.60,2.71,-0.13,2.72,-0.14,0.14,0.21,1.42,2.85,2.86,2.84
5927.28,2.77,0.02,2.78,-0.00,0.00,0.10,1.32,2.77,2.78,2.75
5986.56,2.83,0.15,2.85,0.12,-0.12,-0.01,1.23,2.71,2.73,2.67
6046.42,2.89,0.27,2.92,0.24,-0.23,-0.09,1.15,2.67,2.69,2.62
6106.89,2.97,0.38,3.00,0.33,-0.32,-0.17,1.06,2.65,2.68,2.58
6167.96,3.04,0.48,3.08,0.41,-0.39,-0.22,0.97,2.66,2.69,2.57
6229.64,3.13,0.55,3.17,0.47,-0.44,-0.27,0.89,2.69,2.74,2.57
6291.93,3.21,0.62,3.27,0.51,-0.47,-0.31,0.80,2.74,2.81,2.60
6354.85,3.31,0.67,3.38,0.53,-0.48,-0.33,0.72,2.83,2.90,2.64
6418.40,3.41,0.71,3.49,0.54,-0.47,-0.35,0.64,2.94,3.03,2.70
6482.58,3.51,0.73,3.61,0.52,-0.44,-0.36,0.56,3.07,3.17,2.78
6547.41,3.62,0.74,3.74,0.49,-0.40,-0.35,0.48,3.22,3.34,2.88
6612.88,3.73,0.73,3.86,0.45,-0.34,-0.35,0.40,3.39,3.52,3.00
6679.01,3.85,0.71,3.98,0.39,-0.28,-0.34,0.32,3.56,3.70,3.14
6745.80,3.97,0.67,4.10,0.31,-0.22,-0.32,0.24,3.75,3.88,3.30
6813.26,4.09,0.62,4.21,0.24,-0.16,-0.30,0.17,3.93,4.05,3.47
6881.39,4.22,0.55,4.31,0.17,-0.11,-0.28,0.09,4.11,4.20,3.67
6950.21,4.34,0.47,4.39,0.10,-0.06,-0.26,0.02,4.28,4.32,3.87
7019.71,4.47,0.37,4.45,0.04,-0.03,-0.24,-0.05,4.44,4.42,4.10
7089.91,4.59,0.23,4.48,-0.00,-0.00,-0.21,-0.11,4.59,4.48,4.36
7160.81,4.71,0.06,4.50,-0.04,0.01,-0.19,-0.18,4.73,4.51,4.65
7232.41,4.83,-0.14,4.50,-0.07,0.02,-0.17,-0.24,4.85,4.52,4.97
7304.74,4.95,-0.38,4.49,-0.09,0.02,-0.14,-0.30,4.97,4.50,5.33
7377.79,5.05,-0.64,4.46,-0.09,0.02,-0.12,-0.36,5.07,4.47,5.70
7451.56,5.15,-0.92,4.41,-0.08,0.01,-0.10,-0.42,5.16,4.43,6.07
7526.08,5.24,-1.18,4.36,-0.07,0.01,-0.08,-0.47,5.25,4.37,6.42
7601.34,5.32,-1.43,4.31,-0.05,0.01,-0.06,-0.52,5.33,4.31,6.75
7677.35,5.38,-1.66,4.25,-0.03,0.00,-0.04,-0.56,5.39,4.25,7.05
7754.13,5.44,-1.84,4.18,-0.00,0.00,-0.02,-0.60,5.44,4.18,7.28
7831.67,5.48,-1.99,4.11,0.02,-0.00,-0.01,-0.63,5.48,4.11,7.47
7909.98,5.51,-2.11,4.03,0.04,-0.00,0.01,-0.67,5.51,4.03,7.62
7989.08,5.52,-2.17,3.95,0.06,-0.00,0.02,-0.69,5.52,3.95,7.69
8068.98,5.52,-2.18,3.87,0.08,-0.00,0.03,-0.71,5.52,3.87,7.70
8149.67,5.50,-2.16,3.79,0.10,-0.00,0.04,-0.73,5.50,3.79,7.66
8231.16,5.47,-2.09,3.70,0.12,-0.00,0.05,-0.74,5.47,3.70,7.57
8313.47,5.42,-1.96,3.61,0.13,-0.00,0.06,-0.75,5.42,3.61,7.39
8396.61,5.37,-1.79,3.52,0.13,-0.00,0.07,-0.75,5.37,3.52,7.15
8480.57,5.29,-1.57,3.42,0.13,-0.00,0.08,-0.75,5.29,3.42,6.86
8565.38,5.20,-1.31,3.33,0.11,-0.00,0.09,-0.75,5.20,3.32,6.52
8651.03,5.11,-1.04,3.23,0.09,-0.00,0.09,-0.74,5.11,3.22,6.15
8737.54,5.00,-0.77,3.12,0.04,-0.00,0.10,-0.73,5.00,3.12,5.77
8824.92,4.88,-0.50,3.02,-0.01,-0.00,0.10,-0.71,4.88,3.02,5.37
8913.17,4.75,-0.23,2.91,-0.08,0.00,0.10,-0.70,4.75,2.91,4.98
9002.30,4.62,0.03,2.79,-0.16,0.00,0.11,-0.67,4.62,2.79,4.59
9092.32,4.48,0.26,2.68,-0.25,0.00,0.11,-0.65,4.48,2.68,4.21
9183.25,4.33,0.48,2.56,-0.36,0.00,0.11,-0.63,4.33,2.56,3.85
9275.08,4.18,0.69,2.43,-0.47,0.00,0.12,-0.61,4.18,2.43,3.49
9367.83,4.02,0.88,2.30,-0.60,0.00,0.12,-0.58,4.02,2.30,3.14
9461.51,3.86,1.05,2.16,-0.73,0.00,0.12,-0.55,3.86,2.16,2.82
9556.12,3.70,1.19,2.02,-0.87,0.00,0.12,-0.52,3.70,2.02,2.51
9651.68,3.53,1.30,1.87,-1.02,0.00,0.12,-0.50,3.53,1.87,2.23
9748.20,3.35,1.34,1.71,-1.18,0.00,0.12,-0.47,3.35,1.71,2.00
9845.68,3.16,1.34,1.55,-1.35,0.00,0.12,-0.44,3.16,1.55,1.82
9944.14,2.96,1.27,1.38,-1.52,0.00,0.12,-0.41,2.96,1.38,1.68
10043.58,2.74,1.14,1.21,-1.69,0.00,0.12,-0.39,2.74,1.21,1.60
10144.02,2.52,0.98,1.07,-1.76,0.00,0.12,-0.36,2.52,1.07,1.54
10245.46,2.26,0.77,0.94,-1.82,0.00,0.12,-0.33,2.27,0.94,1.49
10347.91,2.00,0.55,0.79,-1.89,0.00,0.11,-0.30,2.00,0.79,1.45
10451.39,1.72,0.33,0.65,-1.96,0.00,0.11,-0.28,1.72,0.65,1.39
10555.91,1.41,0.08,0.50,-2.03,0.00,0.11,-0.25,1.41,0.50,1.33
10661.46,1.08,-0.17,0.35,-2.11,0.00,0.11,-0.23,1.08,0.35,1.25
10768.08,0.73,-0.43,0.20,-2.18,0.00,0.11,-0.20,0.73,0.20,1.16
10875.76,0.36,-0.71,0.04,-2.26,0.00,0.11,-0.18,0.36,0.04,1.07
10984.52,-0.04,-1.02,-0.12,-2.34,0.00,0.10,-0.16,-0.04,-0.12,0.98
11094.36,-0.45,-1.34,-0.28,-2.41,0.00,0.10,-0.13,-0.45,-0.28,0.89
11205.31,-0.87,-1.68,-0.45,-2.50,0.00,0.10,-0.11,-0.87,-0.45,0.81
11317.36,-1.32,-2.06,-0.62,-2.58,0.00,0.10,-0.09,-1.32,-0.62,0.74
11430.53,-1.77,-2.46,-0.79,-2.66,0.00,0.10,-0.07,-1.77,-0.79,0.69
11544.84,-2.24,-2.88,-0.97,-2.75,0.00,0.09,-0.04,-2.24,-0.97,0.65
11660.29,-2.70,-3.33,-1.15,-2.83,0.00,0.09,-0.02,-2.70,-1.15,0.62
11776.89,-3.17,-3.80,-1.33,-2.92,0.00,0.09,-0.00,-3.17,-1.33,0.62
11894.66,-3.64,-4.26,-1.52,-3.01,0.00,0.09,0.02,-3.64,-1.52,0.62
12013.60,-4.10,-4.72,-1.70,-3.11,0.00,0.09,0.04,-4.10,-1.70,0.62
12133.74,-4.54,-5.13,-1.90,-3.20,0.00,0.08,0.06,-4.54,-1.90,0.58
12255.08,-4.97,-5.47,-2.09,-3.29,0.00,0.08,0.08,-4.97,-2.09,0.50
12377.63,-5.39,-5.76,-2.29,-3.39,0.00,0.08,0.11,-5.39,-2.29,0.37
12501.41,-5.78,-5.95,-2.49,-3.49,0.00,0.08,0.13,-5.78,-2.49,0.17
12626.42,-6.14,-6.05,-2.69,-3.59,0.00,0.07,0.15,-6.14,-2.69,-0.09
12752.68,-6.47,-6.10,-2.90,-3.69,0.00,0.07,0.17,-6.47,-2.90,-0.37
12880.21,-6.75,-6.06,-3.11,-3.79,0.00,0.07,0.20,-6.75,-3.11,-0.69
13009.01,-7.01,-6.00,-3.32,-3.90,0.00,0.07,0.22,-7.01,-3.32,-1.01
13139.10,-7.26,-5.94,-3.54,-4.00,0.00,0.07,0.25,-7.26,-3.54,-1.33
13270.49,-7.45,-5.82,-3.76,-4.11,0.00,0.06,0.28,-7.45,-3.76,-1.63
13403.20,-7.62,-5.73,-3.98,-4.22,0.00,0.06,0.31,-7.62,-3.98,-1.88
13537.23,-7.73,-5.62,-4.21,-4.33,0.00,0.06,0.34,-7.73,-4.21,-2.11
13672.60,-7.82,-5.51,-4.44,-4.45,0.00,0.06,0.37,-7.82,-4.44,-2.32
13809.33,-7.89,-5.41,-4.67,-4.56,0.00,0.05,0.40,-7.89,-4.67,-2.49
13947.42,-7.92,-5.29,-4.91,-4.68,0.00,0.05,0.44,-7.92,-4.91,-2.63
14086.90,-7.93,-5.18,-5.15,-4.79,0.00,0.05,0.48,-7.93,-5.15,-2.76
14227.77,-7.93,-5.09,-5.39,-4.91,0.00,0.05,0.52,-7.93,-5.39,-2.84
14370.04,-7.93,-5.04,-5.63,-5.03,0.00,0.05,0.56,-7.93,-5.63,-2.88
14513.74,-7.91,-5.01,-5.88,-5.15,0.00,0.04,0.60,-7.91,-5.88,-2.89
14658.88,-7.88,-5.04,-6.13,-5.28,0.00,0.04,0.65,-7.88,-6.13,-2.85
14805.47,-7.87,-5.12,-6.39,-5.40,0.00,0.04,0.70,-7.87,-6.39,-2.75
14953.52,-7.85,-5.26,-6.64,-5.53,0.00,0.04,0.75,-7.85,-6.64,-2.59
15103.06,-7.86,-5.48,-6.90,-5.66,0.00,0.04,0.80,-7.86,-6.90,-2.38
15254.09,-7.87,-5.81,-7.17,-5.79,0.00,0.04,0.85,-7.87,-7.17,-2.06
15406.63,-7.91,-6.26,-7.43,-5.92,0.00,0.03,0.89,-7.91,-7.43,-1.65
15560.70,-7.96,-6.81,-7.70,-6.05,0.00,0.03,0.93,-7.96,-7.70,-1.15
15716.30,-8.04,-7.51,-7.98,-6.19,0.00,0.03,0.96,-8.04,-7.98,-0.53
15873.47,-8.14,-8.27,-8.25,-6.32,0.00,0.03,0.98,-8.14,-8.25,0.13
16032.20,-8.27,-9.08,-8.53,-6.46,0.00,0.03,0.98,-8.27,-8.53,0.81
16192.52,-8.43,-9.89,-8.82,-6.60,0.00,0.03,0.97,-8.43,-8.82,1.45
16354.45,-8.62,-10.61,-9.10,-6.74,0.00,0.02,0.95,-8.62,-9.10,1.99
16517.99,-8.83,-11.24,-9.39,-6.88,0.00,0.02,0.91,-8.83,-9.39,2.41
16683.17,-9.07,-11.64,-9.68,-7.03,0.00,0.02,0.86,-9.07,-9.68,2.57
16850.01,-9.33,-11.80,-9.98,-7.17,0.00,0.02,0.80,-9.33,-9.98,2.47
17018.51,-9.60,-11.76,-10.27,-7.32,0.00,0.02,0.74,-9.60,-10.27,2.16
17188.69,-9.89,-11.49,-10.58,-7.47,0.00,0.02,0.67,-9.89,-10.58,1.60
17360.58,-10.19,-11.04,-10.88,-7.62,0.00,0.02,0.60,-10.19,-10.88,0.85
17534.18,-10.49,-10.50,-11.19,-7.77,0.00,0.01,0.53,-10.49,-11.19,0.01
17709.53,-10.78,-9.89,-11.50,-7.93,0.00,0.01,0.47,-10.78,-11.50,-0.88
17886.62,-11.04,-9.27,-11.81,-8.08,0.00,0.01,0.41,-11.04,-11.81,-1.77
18065.49,-11.28,-8.65,-12.13,-8.24,0.00,0.01,0.36,-11.28,-12.13,-2.63
18246.14,-11.50,-8.05,-12.45,-8.40,0.00,0.01,0.31,-11.50,-12.45,-3.45
18428.60,-11.66,-7.49,-12.77,-8.56,0.00,0.01,0.27,-11.66,-12.77,-4.17
18612.89,-11.78,-6.91,-13.10,-8.72,0.00,0.01,0.23,-11.78,-13.10,-4.86
18799.02,-11.86,-6.33,-13.43,-8.88,0.00,0.01,0.19,-11.86,-13.43,-5.53
18987.01,-11.91,-5.70,-13.76,-9.05,0.00,0.01,0.16,-11.91,-13.76,-6.22
19176.88,-11.93,-4.99,-14.10,-9.21,0.00,0.01,0.14,-11.93,-14.10,-6.95
19368.65,-11.95,-4.23,-14.44,-9.38,0.00,0.00,0.11,-11.95,-14.44,-7.71
19562.33,-11.95,-3.44,-14.78,-9.55,0.00,0.00,0.09,-11.95,-14.78,-8.51
19757.96,-11.95,-2.79,-15.12,-9.72,0.00,0.00,0.08,-11.95,-15.12,-9.16
19955.54,-11.95,-2.20,-15.47,-9.89,0.00,0.00,0.06,-11.95,-15.47,-9.75
